,Population,Children,Age,Income,Outage_sec_perweek,Email,Contacts,Yearly_equip_failure,Tenure,MonthlyCharge,Bandwidth_GB_Year
count,10000.0,7505.0,7525.0,7510.0,10000.0,10000.0,10000.0,10000.0,9069.0,10000.0,8979.0
mean,9756.5624,2.095936042638241,53.27574750830565,39936.76222636485,11.452955137651399,12.016,0.9942,0.398,34.49885764604521,174.07630516680297,3398.842752015135
std,14432.698670761416,2.1547576546516574,20.753927857649096,28358.469481693235,7.025920954783774,3.025898148642911,0.9884655109849007,0.6359531772421334,26.43890437375715,43.33547318024725,2187.3968066692896
min,0.0,0.0,18.0,740.66,-1.348571,1.0,0.0,0.0,1.00025934,77.50523,155.5067148
25%,738.0,0.0,35.0,19285.5225,8.054362000000001,10.0,0.0,0.0,7.890442,141.07107845,1234.110529
50%,2910.5,1.0,53.0,33186.785,10.20289623,12.0,1.0,0.0,36.19603,169.9154,3382.424
75%,13168.0,3.0,71.0,53472.395000000004,12.487643622499998,14.0,2.0,1.0,61.42667,203.777441275,5587.0965
max,111850.0,10.0,89.0,258900.7,47.04928,23.0,7.0,6.0,71.99928,315.8786,7158.982
